Element,Atomic_site_count,Atomic_site_percentage,Material_count,Example_materials
O,4165,13.3118,1062,mp-552738:Bi2TmIO4; mp-1220881:NaTi2TlO6; mp-27484:Tl4O2
Mg,1151,3.6787,601,mp-1039305:BiMg; mp-864762:LiMg2Zn; mp-1185999:Mg2Pb4
F,1126,3.5988,249,mp-1009009:LiF; mp-1536913:F2H2; mp-1110618:GaNa2TlF6
S,1094,3.4965,372,mp-2350:LaS; mp-12776:FeTlS2; mp-7:S6
N,849,2.7135,356,mp-1009545:PaN; mp-1017982:Tl2N2; mp-6933:MnN
Li,798,2.5505,429,mp-1009009:LiF; mp-864762:LiMg2Zn; mp-1173901:CoLi2MnO4
Si,774,2.4738,323,mp-1080455:Cu2Ti2As2Si2; mp-517:Ta3Si6; mp-16237:Ag2LaSi2
Se,773,2.4706,274,mp-1077033:Yb2Se4; mp-1223998:Bi3InSe6; mp-1120759:Pd2Se4
Ge,764,2.4418,315,mp-865403:Mg2Tm4Ge4; mp-3167:Hg2GeSe4; mp-1245827:Ge4N4S2
Cu,707,2.2597,383,mp-1080455:Cu2Ti2As2Si2; mp-1217183:CuSnTi3; mp-1184132:CuSn3
Te,685,2.1893,250,mp-1222182:In2MgTe4; mp-1226360:CrFe2Te4; mp-10256:V2Te2
Ni,586,1.8729,289,mp-567909:Ni2PrSn2; mp-1078924:Ce2Ni4Sb4; mp-21473:GdNi2P2
Ga,550,1.7579,275,mp-1097594:Ca2CdGa; mp-1110618:GaNa2TlF6; mp-569423:Ga6
C,540,1.7259,247,mp-1217142:Ti2CN; mp-16297:Sc3SnC; mp-1008835:OsC2
Pd,533,1.7035,234,mp-1079587:Pd4Yb4; mp-1186431:Pd3S; mp-10223:Na4Pd2S4
Na,527,1.6844,279,mp-1220881:NaTi2TlO6; mp-1186100:Ag3Na; mp-10223:Na4Pd2S4
Ag,508,1.6236,270,mp-1186100:Ag3Na; mp-16237:Ag2LaSi2; mp-865446:AgHgLu2
Mn,504,1.6108,284,mp-1173901:CoLi2MnO4; mp-6933:MnN; mp-25373:LiMnO2
La,488,1.5597,264,mp-2350:LaS; mp-16237:Ag2LaSi2; mp-1079347:La2Rh4As4
Sn,480,1.5341,252,mp-567909:Ni2PrSn2; mp-1775:Au2Sn2; mp-1217183:CuSnTi3
Fe,476,1.5214,255,mp-12776:FeTlS2; mp-571500:Fe2HoB2; mp-1224899:FePb2ReO6
Ti,455,1.4542,245,mp-1080455:Cu2Ti2As2Si2; mp-1220881:NaTi2TlO6; mp-1217183:CuSnTi3
Cl,443,1.4159,134,mp-545344:NdClO5Te2; mp-643754:Hg2Cl2H4N2; mp-570687:Ag2Cl2
In,435,1.3903,255,mp-1223998:Bi3InSe6; mp-1223990:BiIn4; mp-1222182:In2MgTe4
Ca,433,1.3839,236,mp-1097594:Ca2CdGa; mp-1100420:CaNaSb; mp-1183484:Ca4
Zn,418,1.336,238,mp-864762:LiMg2Zn; mp-2647117:Zn; mp-1215578:CdZn4S5
Pt,417,1.3328,190,mp-1097313:LiPt2Sn; mp-1224042:In3Pt5; mp-1025438:Lu4Pt4
B,401,1.2816,148,mp-571500:Fe2HoB2; mp-1002187:TcB; mp-1017230:BiMg6B
H,379,1.2113,132,mp-1536913:F2H2; mp-643754:Hg2Cl2H4N2; mp-978497:HSi3
Al,378,1.2081,198,mp-1079783:Al2Eu2; mp-1225559:Al2EuZn2; mp-1222935:Al2La2Zn2
As,376,1.2017,179,mp-1080455:Cu2Ti2As2Si2; mp-1079347:La2Rh4As4; mp-1183275:Pb6As2
Tl,374,1.1953,200,mp-12776:FeTlS2; mp-1220881:NaTi2TlO6; mp-27484:Tl4O2
Co,373,1.1922,203,mp-1173901:CoLi2MnO4; mp-2240147:CoMgO7P2; mp-571185:CoHfSb
Sb,364,1.1634,201,mp-2012894:Tl2S4Sb2; mp-1100420:CaNaSb; mp-2227123:MgRhO4Sb
P,356,1.1378,166,mp-2240147:CoMgO7P2; mp-5597:CaFe2P2; mp-1077329:Gd2Pd2P2
Bi,354,1.1314,206,mp-552738:Bi2TmIO4; mp-1039305:BiMg; mp-1223998:Bi3InSe6
Rh,344,1.0995,167,mp-2227123:MgRhO4Sb; mp-1079347:La2Rh4As4; mp-1483:Rh4Si4
Au,323,1.0323,177,mp-1775:Au2Sn2; mp-1097567:Au2GaHf; mp-1183880:AuEu2As
Br,322,1.0291,115,mp-1111738:LiNa2TlBr6; mp-1110799:Na3AsBr6; mp-1183119:Ac6Br2
Cd,311,0.994,184,mp-1097594:Ca2CdGa; mp-982009:CdPr2Sn; mp-1215578:CdZn4S5
V,306,0.978,176,mp-1095739:TcV2W; mp-1095858:MoTc2V; mp-10256:V2Te2
Pb,286,0.9141,146,mp-1185999:Mg2Pb4; mp-1217233:Pb3Sn3U2; mp-1224899:FePb2ReO6
Cr,279,0.8917,159,mp-1226254:Cr2Mo2As4; mp-1226360:CrFe2Te4; mp-1087537:Cr3Pd3P3
Mo,275,0.8789,148,mp-1095858:MoTc2V; mp-1226254:Cr2Mo2As4; mp-1216655:MoTi
Hg,270,0.863,155,mp-865446:AgHgLu2; mp-3167:Hg2GeSe4; mp-1098699:HgLa2Mg
I,247,0.7894,89,mp-552738:Bi2TmIO4; mp-27439:Tm2I2O2; mp-1096939:Cu2Ge2I6
Sc,241,0.7703,140,mp-973433:LuRu2Sc; mp-16297:Sc3SnC; mp-9550:Mn3Sc3Si3
U,236,0.7543,128,mp-1217233:Pb3Sn3U2; mp-19715:U4Si4; mp-1222035:MgU2O6
Ce,233,0.7447,134,mp-1078924:Ce2Ni4Sb4; mp-1213958:Ce8Fe2; mp-1226539:AgCeSi
W,229,0.7319,141,mp-1095739:TcV2W; mp-1047314:SnWZn2O6; mp-1099244:Mg3WO4
Sm,225,0.7191,120,mp-4210:CuSm2O4; mp-1068021:Bi2Mg2Sm; mp-20646:Mn2SmGe2
Ru,224,0.7159,112,mp-973433:LuRu2Sc; mp-1096323:MgRu2Si; mp-22343:CeRu2Ge2
Nd,206,0.6584,104,mp-545344:NdClO5Te2; mp-973953:Nd2Cl4; mp-8540:NdRhC2
Pr,204,0.652,110,mp-567909:Ni2PrSn2; mp-982009:CdPr2Sn; mp-975646:Pr2Zn2O2Sb2
Hf,199,0.636,113,mp-571185:CoHfSb; mp-1097567:Au2GaHf; mp-1224286:HfTiN2
Lu,195,0.6232,96,mp-973433:LuRu2Sc; mp-1183087:Ac3Lu; mp-865446:AgHgLu2
Eu,192,0.6137,108,mp-570529:Eu2Rh5B4; mp-1079783:Al2Eu2; mp-1225559:Al2EuZn2
Yb,188,0.6009,98,mp-1077033:Yb2Se4; mp-1079587:Pd4Yb4; mp-1183592:CaPd2Yb
Th,176,0.5625,88,mp-7523:Th2N2Te; mp-1217463:In3Sn3Th2; mp-1087483:Cu2Th2O2P2
Ta,147,0.4698,84,mp-517:Ta3Si6; mp-1217825:TaTl3S2Se2; mp-1019271:Ta2N4
Ho,141,0.4507,77,mp-571500:Fe2HoB2; mp-1224077:Ho2Ge3; mp-1235108:Ho2LiO3
Ir,134,0.4283,71,mp-10112:Ir3LaB2; mp-1070369:IrNdSi3; mp-208:Ir4Ge4
Dy,123,0.3931,74,mp-1178366:Dy2O2Sb; mp-1206888:DyI6; mp-30621:DyRh3Si2
Os,119,0.3803,69,mp-1008835:OsC2; mp-2218000:MgMoOsPb2O6; mp-1093761:OsRuSc2
Tm,115,0.3676,57,mp-552738:Bi2TmIO4; mp-865403:Mg2Tm4Ge4; mp-1208017:Pt2Tm8
Er,114,0.3644,61,mp-378:Er2Si2; mp-13501:CoErC2; mp-11723:ErNiC2
Re,103,0.3292,54,mp-1224899:FePb2ReO6; mp-1002207:ReN; mp-974565:ReP3
Ac,92,0.294,42,mp-1183087:Ac3Lu; mp-1183119:Ac6Br2; mp-1183076:Ac2AgPb
Gd,86,0.2749,51,mp-1077329:Gd2Pd2P2; mp-21473:GdNi2P2; mp-13973:Gd2O2Se
Tc,82,0.2621,50,mp-1095739:TcV2W; mp-1095858:MoTc2V; mp-1002187:TcB
Np,78,0.2493,45,mp-978289:Mg3Np; mp-977349:Np2Pa6; mp-977296:Np2Sb6
Pa,65,0.2077,34,mp-1009545:PaN; mp-977349:Np2Pa6; mp-862612:PaScTc2
Be,52,0.1662,33,mp-1095723:BeRh2Ge; mp-9562:Be2Li2As2; mp-23729:BeNaH3
Pm,48,0.1534,32,mp-862935:Li2PmSn; mp-865467:AuPm2Sn; mp-862984:Pm2B6
Pu,34,0.1087,24,mp-806:PuO; mp-1236192:LiPu2O2Te; mp-1079380:Fe2Pu2C4
Kr,9,0.0288,4,mp-612118:Kr; mp-976347:Kr4; mp-974400:Kr
Ne,1,0.0032,1,mp-111:Ne
